{
"time": [0.0,10.0,20.0,30.0,40.0,50.0,60.0,70.0,80.0,90.0,100.0,110.0,120.0,130.0,140.0,150.0,160.0,170.0,180.0,190.0,200.0,210.0,220.0,230.0,240.0,250.0,260.0,270.0,280.0,290.0,300.0,310.0,320.0,330.0,340.0,350.0,360.0,370.0,380.0,390.0,400.0,410.0,420.0,430.0,440.0,450.0,460.0,470.0,480.0,490.0,500.0,510.0,520.0,530.0,540.0,550.0,560.0,570.0,580.0,590.0,600.0,610.0,620.0],
"h3h6a_0": [9.46015546291,9.8117262775,10.1498659665,9.81359925224,10.2444617965,8.73438230638,8.92331585268,8.18805245553,9.77540136078,9.5174051197,9.3481756822,8.15179189954,7.64490101116,9.91760299851,9.36625331972,7.46453026009,7.98529895937,6.46543046866,7.40904522143,6.88662261366,6.47754787392,7.06453197671,6.36259341256,7.02693281873,5.65240429295,6.9577107977,6.56120584545,6.25865610143,4.58677671828,5.53365644497,4.7505544728,5.59466092316,6.03362279521,6.28431602902,4.82216727248,5.70070762616,5.49454293766,6.1243353657,5.55149275715,5.34671002028,5.25072163366,5.60153869063,5.45490155014,5.48035791957,4.87556325031,5.02992208437],
"rmsda_0": [2.31756997108,1.80641400814,2.15334892273,1.92629277706,2.45553064346,2.97870969772,2.38565278053,3.06591129303,2.64423561096,2.0245308876,2.24090337753,1.85040104389,2.26245117188,2.33175683022,2.45522928238,1.91472351551,1.49363577366,2.13697743416,1.91194689274,2.07927179337,1.75027167797,2.12970328331,1.94488227367,1.85305297375,1.86371290684,1.96205174923,2.29621624947,2.00483560562,1.54561018944,1.59535896778,1.83391141891,2.12419223785,1.76038408279,1.84746277332,1.74258732796,2.0065176487,1.96250128746,2.19381761551,1.97590911388,1.98846638203,2.03514814377,1.89201235771,2.1330037117,1.88375997543,1.88174390793,1.9587059021],
"h3h6a_1": [10.9443073554,9.75335500866,8.98310057853,10.057119272,9.52947582092,9.11945014075,9.81044134554,9.23425919401,9.40296708392,9.21876945586,9.59603879739,9.69421703083,10.539946762,8.35808079902,9.33898129561,11.0214692314,9.82650791422,8.68464745276,9.02498967498,8.55605078695,9.53653963774,9.50519671091,9.51849773222,9.64841198485,9.9121192022,8.42379579219,9.32793058626,7.96904488891,8.65029847053,7.87575727971,9.32810685656,10.0643939,8.95500640562,9.03556330629,9.58288668726,7.77246969168,8.58370545561,9.26240097923,7.99299937996,7.75857294049,6.26362977273,7.62425650484,7.22150128671,7.31648762043,7.42693425761,7.94029403738,7.17636506553,7.6743477413,8.70401422467,7.18589872414,7.33651947952,6.73153948723,7.27981525286,7.69118211359,6.62815466142,7.94084225579,8.04780746882,7.00171119948,7.68070013307,9.13941515287,8.47844853626,8.05893155982,8.04407055857],
"rmsda_1": [2.15036821365,2.56029725075,2.07545924187,2.02609872818,2.02015304565,1.48867344856,2.30579257011,2.58452391624,2.5115237236,2.16352510452,2.01058578491,2.21669054031,2.96060276031,1.88534355164,1.66227662563,1.80277276039,1.83957540989,1.82208502293,1.96083807945,1.94620621204,1.4751200676,1.35834932327,1.69227480888,2.19192862511,1.88134813309,1.94674777985,2.07908654213,2.33391404152,2.08252000809,1.8580467701,1.72616946697,1.70303201675,1.74123227596,1.59178471565,1.70937693119,2.00706148148,2.07156443596,1.78507864475,2.07919716835,1.39720880985,1.63622999191,2.13129281998,2.05113506317,1.99106144905,2.11205434799,2.07570385933,2.13796257973,2.30053114891,1.59304082394,1.81627392769,1.73882102966,1.53161764145,1.85871291161,2.04330325127,2.21353173256,2.64396476746,2.64334487915,2.42944502831,3.52659869194,3.34621715546,3.13359999657,2.85877585411,3.02563309669],
"h3h6a_2": [9.97935861418,9.33826515666,9.54520045363,8.78151294291,9.72898800903,9.10012559023,9.57134583268,9.55930515623,9.70120669253,9.54223557962,10.4355152229,9.42998578275,9.51621365685,10.9336236062,9.72024853886,9.34213503938,10.2359717708,10.655076773,9.31717183481,9.67025947777,10.292232961,8.79865610027,9.14259683726,9.08426696926,9.32243095942,7.97121566687,9.93973826455,8.91054164713,9.68039844597,9.77555055573,9.02130637848,10.6480305679,8.91079180571,10.4500511738,10.1909398457,9.07630407491,10.3074431762],
"rmsda_2": [2.2034034729,2.50071907043,2.28110170364,1.88881123066,1.71956014633,2.28821754456,2.69660377502,2.83655714989,2.71580338478,2.70818805695,2.12839865685,1.91887915134,1.91996622086,1.76414418221,1.58728373051,1.82037305832,1.69897735119,2.92694234848,1.97942280769,1.93950998783,2.16949558258,1.88425564766,2.18551802635,2.29849243164,2.41115236282,2.07364797592,2.43736934662,1.92151892185,1.89990603924,1.8984940052,1.93721401691,1.91865944862,2.12088918686,2.08753228188,1.49224674702,1.7942302227,2.11057853699],
