{
"time": [0.0,40.0,80.0,120.0,160.0,200.0,240.0,280.0,320.0,360.0,400.0,440.0,480.0,520.0,560.0,600.0,640.0,680.0,720.0,760.0,800.0,840.0,880.0,920.0,960.0,1000.0,1040.0,1080.0,1120.0,1160.0,1200.0,1240.0,1280.0,1320.0,1360.0,1400.0,1440.0,1480.0,1520.0,1560.0,1600.0,1640.0,1680.0,1720.0,1760.0,1800.0,1840.0,1880.0],
"h3h6_0": [2.0617538408,1.93294771896,1.84947282317,1.74942315211,1.76127825366,1.99758264125,3.75896996407,3.64962576875,4.13757322945,1.78532967839,1.77666521507,2.60066768569,2.44717016047,1.81629591696,1.9373562816,2.65604554457,2.29682696025,1.80739410647,1.83285061287,1.84767786094,2.18459658304,1.93806718571,2.13876041001,2.15871604881,2.37424327194,3.52608063374,2.63093856121,2.7514292925,3.33255873082,2.38563101991,2.31680190336,1.84162098819,2.17752351066,1.90212146033,3.94007870628,2.98198905105,3.48613828143,4.23278407605,1.87154087255,2.01575617555,1.88169789709,3.44242977105,1.98015189635,3.25144744294,2.30467036507,2.10358225645,2.23065991766,1.93936457608],
"rmsd_0": [1.73889994621,2.79775452614,2.62360692024,2.83024120331,1.72563385963,2.293217659,2.158649683,2.21092009544,1.68009924889,1.70629024506,2.11624622345,1.58768224716,1.76803016663,1.59304380417,1.50811100006,1.92034339905,2.02643013,1.65997099876,1.5235183239,1.9494073391,1.55580914021,1.69791567326,1.5019133091,2.4431681633,2.03862047195,1.93887078762,2.15860056877,1.98218607903,2.33649301529,2.19635844231,1.58278846741,2.09605240822,2.09675788879,1.71359062195,2.16367173195,1.83072185516,2.10173749924,2.04443407059,2.10226535797,2.1344306469,1.95679819584,2.29600024223,1.87394487858,2.3958234787,1.81631505489,1.91444802284,2.34790349007,1.91899812222],
"h3h6_1": [1.69233528784,1.71168208318,1.8366124587,1.84836218827,1.86448239339,1.78159618224,4.0702160467,4.1315424071,3.93988657275,3.9069763924,2.2020371811,3.69057761703,3.73902840451,2.24098348336,4.24476483153,3.84521725571,3.74280582103,3.83340560584,3.59805463033,3.97930182642,3.18619066601,4.24207232058,3.84090926329,4.68000986997,3.96272880975,3.96249726094,3.96412268089,3.31769824708,3.69346085227,2.50065376314,2.39773702375,4.13401703562,2.31529361684,3.92408246922,5.28996254687,2.93524798023,3.58693198507,3.43329031606,3.91000606237,5.61586687885,3.93386815179,3.42678872406,3.62416656099,4.16114953998,3.61662440427,3.59648861404,5.17008692526,3.68585865255],
"rmsd_1": [1.5701662302,2.45394992828,2.18325328827,2.45613121986,2.1110200882,2.48518657684,2.06550478935,2.95058965683,2.27088904381,2.6382496357,2.68666052818,2.50166988373,2.26069808006,2.49493098259,2.58525562286,2.56008982658,2.59444189072,2.41513752937,2.37252306938,2.84689474106,2.44545984268,2.7831633091,2.86069178581,2.8724834919,2.76468849182,2.57966661453,2.459379673,2.48989868164,2.63491725922,2.68226361275,3.05129742622,2.73814797401,2.22783041,2.50691556931,2.69105648994,2.95632123947,2.58828306198,2.67790555954,2.54602909088,2.39212226868,2.6574344635,2.49624562263,2.87130141258,2.75749564171,2.42735934258,2.73866486549,2.52387046814,2.74913907051],
"h3h6_2": [1.9347250105,1.8522421604,1.75748690558,1.86134983863,2.19060821867,2.41356090992,2.07983628008,1.97654088099],
"rmsd_2": [2.07948565483,1.93623793125,1.6536642313,1.9938583374,1.96413743496,1.9653865099,1.91678380966,1.94822561741]
}
